,Decision Tree,Linear SVM,Logistic Regression,Naive Bayes,Nearest Neighbors,RBF SVM,Random Forest
0,1.0,1.0,1.0,0.9326599326599326,1.0,0.9326599326599326,1.0
1,0.9326599326599326,1.0,1.0,0.9326599326599326,0.9326599326599326,0.9326599326599326,0.9326599326599326
2,1.0,1.0,1.0,1.0,1.0,1.0,1.0
3,0.9326599326599326,1.0,1.0,0.9326599326599326,0.9326599326599326,1.0,0.9326599326599326
4,0.9326599326599326,0.861111111111111,0.9326599326599326,0.9326599326599326,0.861111111111111,0.861111111111111,0.9326599326599326
