,Decision Tree,Linear SVM,Logistic Regression,Naive Bayes,Nearest Neighbors,RBF SVM,Random Forest
0,1.0,1.0,1.0,0.888888888888889,1.0,0.888888888888889,1.0
1,0.9090909090909091,1.0,1.0,0.9090909090909091,0.9090909090909091,0.9090909090909091,0.9090909090909091
2,1.0,1.0,1.0,1.0,1.0,1.0,1.0
3,0.9090909090909091,1.0,1.0,0.9090909090909091,0.9090909090909091,1.0,0.9090909090909091
4,0.7499999999999999,0.7499999999999999,0.888888888888889,0.888888888888889,0.7499999999999999,0.7499999999999999,0.888888888888889
